jname,cname,ename,jflavor,cflavor,eflavor,correspond
戦導者の号令,战领召令,Warleader's Call,「私が危惧するのは、ギルド間の戦争こそが、まさに真犯人の思うつぼだと言うことだ。かような破滅によって得をする者は、いったい誰なのだろうか？」\n――アルキスト・プロフトの事件簿,「我担心，公会之间战火重燃正是凶手想要的结果。这般乱局当中，谁又能从中渔利？」\n～阿奎斯波费，探案笔记,"""I fear a war between the guilds is exactly what our killer wants. Who could stand to benefit from such destruction?""\n—Alquist Proft, case notes",私
狂信の力,狂热驱力,Fanatical Strength,「今日、ケイヤとケランが襲われただと！素晴らしいニュースだ。明らかに真犯人はこの捜査線上にいる。」\n――アルキスト・プロフトの事件簿,「卡娅和凯澜今天遭人袭击了！这可是大好消息。证明我们查对方向，就要找到真凶了。」\n～阿奎斯波费，探案笔记,"""Kaya and Kellan were attacked today! This is excellent news. Clearly we are on the trail of the true killer.""\n—Alquist Proft, case notes",
答えの要求,索求回答,Demand Answers,「思うにオレリアにしてみれば、ラヴニカ史上最大の難事件を解決するのに丸一日時間を与えるというのは、たいそう寛大な処遇のつもりなのだろう。」\n――アルキスト・プロフトの事件簿,「我想，也许在欧瑞梨看来，给我们整整一天时间来破这桩拉尼卡史上最复杂的案子，已经很宽容了。」\n～阿奎斯波费，探案笔记,"""I suppose, from Aurelia's perspective, she was being generous by giving us one entire day to solve the most complex case in Ravnican history.""\n—Alquist Proft, case notes",
辻妻の不一致,事理不通,It Doesn't Add Up,「エトラータはその殺害については一切、記憶にないと言い張った。どうしたものか、私には彼女が嘘をついているようには思えなかったのだ。」\n――アルキスト・プロフトの事件簿,「艾庄塔声称她对自己犯下这桩血案毫无记忆。我总觉得她说的是真话。」\n～阿奎斯波费，探案笔记,"""Etrata claims she has no memory of committing the murder. Somehow, I believe she's telling the truth.""\n—Alquist Proft, case notes",私
許可なき脱出,擅自脱逃,Unauthorized Exit,「大事な容疑者を脱獄させたとなればアゾリウス当局もご立腹だろうが、どうせいつものことだ。」\n――アルキスト・プロフトの事件簿,「我带着俄佐立的头号嫌疑犯脱逃，他们看我更不顺眼，一切就老样子。」\n～阿奎斯波费，探案笔记,"""The Azorius will be annoyed with me for breaking out their star suspect, but what else is new.""\n—Alquist Proft, case notes",
犯行現場の再現,重现罪行,Reenact the Crime,「やはりカイロックスは、隠し出口を用意していた。だが疑問は残る。彼は襲撃者から逃れたのか？ それとも意に反して連れ去られたのか？」\n――アルキスト・プロフトの事件簿,「跟我想的一样，奇洛兹果然留了一道密门。不过谜团还没解开：他是自行逃出还是被人掳走？」\n～阿奎斯波费，探案笔记,"""As I suspected, Kylox had prepared a secret exit. But the question remains: Did he escape his assailants or was he taken against his will?""\n—Alquist Proft, case notes",
遂行中,任务出动,On the Job,「探偵社の調査員は偽の手掛かりを潰してゆく。私は真実を見つけ出す。」\n――アルキスト・プロフトの事件簿,「魔调局侦探会排除错误线索。我会找到真相。」\n～阿奎斯波费，探案笔记,"""The Agency's detectives will eliminate the false leads. I will find the truth.""\n—Alquist Proft, case notes",私
その場しのぎの束縛,临时束缚,Makeshift Binding,「信用できないオーバを他の姉妹から引き離すことで、トロスターニがいつか、どうにかして復活するのではないかと私は願った。」\n――アルキスト・プロフトの事件簿,「性情大变的欧芭已脱离姐妹身躯，但我相信卓塔妮最终一定会如常恢复均衡。」\n～阿奎斯波费，探案笔记,"""With the treacherous Oba separated from her sisters, I'm hopeful that Trostani will, in some form, eventually recover.""\n—Alquist Proft, case notes",私
吉報の訪れ,朗报到来,Auspicious Arrival,「アゾリウス当局は事実に囚われるあまり、事実を結びつける真実が見えていない。私が介入しないと、この事件は解決できそうにないな。」\n――アルキスト・プロフトの事件簿,「俄佐立过于注重个别事证，却看不清将它们串成一体的真相。我要是不出手，他们永远破不了案。」\n～阿奎斯波费，探案笔记,"""The Azorius are too obsessed with facts to see the truth that knits them together. They'll never solve this case unless I step in.""\n—Alquist Proft, case notes",私
探偵帽,思考帽,Thinking Cap,「耳が冷たいと、素晴らしい推論がひらめきにくくなるのでね。」\n――上級捜査員、ホルジョ,「我发现我的伟大见解，都是在耳朵没冻僵的时候想出来的。」\n～资深巡检员何勒乔,"""I find that my greatest insights rarely arrive when my ears are cold.""\n—Senior Inspector Holjo",
衛生管理用自動機械,保洁机械兽,Sanitation Automaton,「没になった推理で満杯になりました。大至急、処分が必要です。」,「我又被废弃理论装满了。亟需清理。」,"""I am once again bursting with discarded theories. Disposal imminent.""",
世界魂の憤怒,世界之魂怒火,Worldsoul's Rage,「物資を貯め込み、死と破壊から甘い汁を吸い、侵略者と共謀した。奴らは全員、最大の危機が迫っているときにラヴニカを裏切った。全員が万死に値する。まだ他にもある！」,「囤物居奇，借灾牟利，勾结外敌～他们所有人都在拉尼卡最需要帮助的时候背叛了这座城市。他们都该死。我还没有完！」,"""Hoarding supplies, profiting from death and destruction, colluding with the invaders—every one of them betrayed Ravnica in its time of greatest need. They all deserved to die. And I'm not done yet!""",
ブリキ通りの噂好き,锡街多嘴客,Tin Street Gossip,「法魔道士は真実をひた隠しにしているが、お前に教えてやろう――護衛はあのバルコニーから落ちたんじゃない。押されたんだよ！」,「律法师想要把这件事瞒过去，但我跟你说～守卫不是自己掉下阳台的。他是被人推下去的！」,"""The lawmages are trying to hush it up, but I'm telling you—the guard didn't fall off that balcony. He was pushed!""",
排撃の変異,排斥变异,Repulsive Mutation,「生術師チームには忘れずにお礼の品を送らねば。」\n――シミックの実地研究者、オラナ,「记得提醒我要给生机术士组送篮礼品。」\n～析米克勘验学者欧兰纳,"""Remind me to send the biomancer team a gift basket.""\n—Olana, Simic field researcher",
混沌の守護者、ラクドス,混沌护主拉铎司,"Rakdos, Patron of Chaos",「ようやく、拍手を送るに相応しいだけの働きを見せたか！」,「终于有了一场值得我亲自喝彩的演出！」,"""Finally, a performance worthy of my applause!""",
喝破,终结谎言,No More Lies,「嘘は影を蝕みながら繁殖する。我々の仕事はそれらに光を浴びせることだ。」\n――探偵社社長、エズリム,「黯影之中，谎言会不断腐生滋长。我们的任务便是将其曝露在明光之下。」\n～魔调局局长伊泽霖,"""Lies fester and flourish in shadow. Our job is to bathe them in light.""\n—Ezrim, Agency chief",我々
クロールの鞭打ち,刻洛藤鞭手,Kraul Whipcracker,「あの、先輩。証拠の手荒な処理をしたことで彼を法廷へ出頭させるのはいいのですが、彼自身に手などあるのでしょうか？」\n――探偵社の新人探偵、アーガイル,「呃，长官，我们是可以试着用动手毁损证物罪来逮捕他，但我不确定他那算不算有手。」\n～魔调局初级侦探阿格雷,"""Er, sir, we could try to cite him for mishandling evidence, but I'm not sure he technically has hands.""\n—Argyle, Agency junior detective",
物好きな死者,好奇尸身,Curious Cadaver,「死体から学べることは多いって言われたとき、その死体に科学捜査の手順を教わるとは思いもしなかったよ。」\n――ケランからエズリムへ,「我必须说，当你告诉我尸体能教会我很多的时候，我绝没想过是尸体亲自来跟我讲法证规程。」\n～凯澜告诉伊泽霖,"""When you said I could learn a lot from a corpse, I have to admit I wasn't expecting it to lecture me on forensic procedure.""\n—Kellan, to Ezrim",
殺害の強要,受迫杀人,Coerced to Kill,「人々は攻撃を仕掛けるように洗脳されている。彼らを操っている者を見つけなければならない。」\n――アルキスト・プロフト,「民众是被人鼓动了才这样四处攻击。我们必须把幕后黑手找出来。」\n～阿奎斯波费,"""People are being brainwashed into these attacks. We must find the puppet master.""\n—Alquist Proft",
正義の幽霊、アグルス・コス,正义之魂阿固寇斯,"Agrus Kos, Spirit of Justice",「いずれ私が再び引退する日が来る。だが今日じゃない。」,「有朝一日我会再考虑是否要退休。不过不是今天。」,"""Eventually I'll give retirement another shot. But not today.""",私
下生えの偵察者,矮丛侦察,Undergrowth Recon,「昼も夜も犯行現場を見張っていたい。殺人鬼はたまらず現場に戻る予感がしているんだ。」\n――一件落着の会のクーラトニソ,「我要有人日夜盯着这犯罪现场。我感觉凶手会忍不住再回来看看。」\n～寻路侦探社的特伐,"""I want eyes on the scene of the crime, day and night. I have a feeling our killer won't be able to resist coming back.""\n—Thare of the Foundway Associates",
トンネルの情報提供者,隧道情报贩,Tunnel Tipster,「君が追っているホシが地下に潜ったら、僕が居場所を突き止めてあげる。」,「如果你要抓的人往地底逃了的话，我知道能在哪里找到他。」,"""When your perp goes underground, I know where to find 'em.""",僕
検体の収集者,样本收集员,Sample Collector,「ここから脱走したものは少なくとも半分は熊で……トカゲも一部いるようだ。」,「从这里逃出的至少有一半是熊…而且我看还有一部分是蜥蜴。」,"""Whatever broke out of here is *at least* half bear... and I'd say some lizard as well.""",
驕り高ぶる放蕩家,浮夸游荡客,Pompous Gadabout,「そこをどけ、名も無き者どもよ。」,「无名小卒都给我让开。」,"""Stand aside, nobodies.""",
事件現場の分析者,事后分析师,Aftermath Analyst,「誰か証拠札を持ってきてくれないか？できれば……たくさん。」,「谁能再帮我多拿点证据标牌来吗？大概要…很多个？」,"""Could someone bring me more evidence markers? Like . . . a lot more?""",
復讐の追跡者,怨仇追迹人,Vengeful Tracker,「兄弟の仇が檻の外にいるかぎり、軽犯罪者に時間をとられるわけにはいかないんだ。」,「杀害我兄弟的凶手尚未伏法，我绝不会浪费时间去管什么小偷小摸。」,"""I won't waste my time hunting down petty thieves while my brother's killer still walks free.""",
証人燃やし,证人成炬,Torch the Witness,「彼は重要な話をしに、明日私に会う予定だった。これは決して偶然ではない。」\n――一件落着の会のルドラナトワ,「他原定明天要跟我碰面，有些重要情报要给我。这绝对不会是巧合。」\n～寻路侦探社的阿尔戈罗格姆,"""He was scheduled to meet me tomorrow with something important to share. This was no coincidence.""\n—Algrom of the Foundway Associates",私-
疑惑の爆発,可疑爆炸,Suspicious Detonation,「どう見たって、誰かがこれを見つけてもらいたがっている。」\n――一件落着の会のラツニスイヤ,「显然有人希望我们留意到这个。」\n～寻路侦探社的尔努库伐,"""Clearly someone wanted us to find this.""\n—Runubi of the Foundway Associates",
瓦礫帯の自慢屋,瓦砾区吹嘘客,Rubblebelt Braggart,「やったぜ！二人……いや、三人殺しだ！建物に火を放ってやった。ああ、全部俺の手柄さ。」,「我干的！两条～不，三条人命！就在我点着的那栋楼里。全是我干的。」,"""I did it! Double—no, triple homicide! In a building I set on fire. Yep, all me.""",俺
赤ニシン,扰神红鱼械,Red Herring,「飛行機械は数ある自立型監視案の一つに過ぎません。」\n――カイロックス,「我们有许多自动化布控方案，扑翼机不过是其中一种。」\n～奇洛兹,"""Thopters are but one option in our suite of autonomous surveillance solutions.""\n—Kylox",
火炎術の演出者,烟火表演者,Pyrotechnic Performer,「パーティはこれからよ。」,「让我们开始派对。」,"""Let's get this party started.""",
罪なき傍観者,无辜旁观客,Innocent Bystander,「おっと、道を間違えたようだ！お構いなく！別に僕は君たちの……とても鋭いナイフなんて見てないからね。」,「哎呀，我想回我自己街上但走错路了！不用管我！我马上就走，你们慢慢忙…磨你的刀。」,"""Whoops, this isn't my street! Don't mind me! I'll just be on my way while you enjoy your . . . very sharp knives.""",僕
ゴブリンの仮面職人,鬼怪面具师,Goblin Maskmaker,「自分の顔を見せられないときは、うちのを使うといい！」,「如果你露不了自己的脸，不妨来试试我的脸！」,"""When you can't show your own face, try one of mine!""",うち
点と点を繋ぐ,连点成线,Connecting the Dots,「なぜ気づかなかったのだろう？答えはずっと、私の目の前にあったのだ！」,「我怎么就没看见呢？原来答案一直就近在眼前！」,"""How could I have missed it? The answer was right in front of me all along!""",
現行犯,遭抓现行,Caught Red-Handed,「待て、やめてくれ！はめられたんだ！完璧に騙されたんだよ！」,「等等，住手！我是被冤枉的！千真万确！」,"""Wait, stop! I've been framed! Extremely convincingly!""",
毒素の分析,毒理分析,Toxin Analysis,「これだけ致死性の高い毒を使うのはオクランだけよ。ゴルガリが裏で糸を引いているか、そう思わせたい者がいるかのどちらかね。」,「只有瓯坎的人才会用上这般猛烈的毒药。要么这就是葛加理干的，要么是有人想让我们以为是他们干的。」,"""Poison this deadly is only used by the Ochran. Either the Golgari are behind this, or someone wants us to think they are.""",
うなる大殺犬,咆哮血腥猎犬,Snarling Gorehound,「君の犬におやつをあげたいところだが、残念ながら肉が余っていないものでね。」\n――アルキスト・プロフトからジュディスへ,「我真的很想喂喂你的狗，但可惜我没带多余的器官。」\n～阿奎斯波费告诉裘蒂丝,"""I'd offer your dog a treat, but I'm afraid I don't have any appendages to spare.""\n—Alquist Proft, to Judith",
ぬめる双頭ヒル,泥泞双头蛭,Slimy Dualleech,「中々立派だろう？手際良く死体を処分するならこいつが一番さ！一頭が嚙みついている間にもう一頭が貪り喰うんだ。」\n――ゴルガリのヒル飼い、グローガス,「厉害吧？它是我最高效的毁尸怪！一个脑袋咬，一个脑袋嚼。」\n～葛加理育蛭人格噶斯,"""Isn't it gorgeous? It's my most efficient corpse eliminator! One head bites while the other chews.""\n—Glogus, Golgari leechbreeder",
闇討ち,暗中杀出,Slice from the Shadows,「プロフトは余計なところに首を突っ込んでるみたい。彼を始末してちょうだい。」\n――ジュディスから虐殺少女へ,「波费最近的手伸得有些长。我想让他少管闲事。」\n～裘蒂丝叮嘱杀戮女郎,"""Proft has been poking his nose where it doesn't belong. I want him out of the way.""\n—Judith, to Massacre Girl",
常習犯,累犯恶徒,Repeat Offender,「あの似顔絵捜査官ったら、腕が良すぎるのよ。しばらく身を潜めないといけないみたいだね。」,「这该死的素描画师画得也太像。我得低调一小段时间了。」,"""Blasted sketch artist did too good a job. Looks like it's time for me to lie low for a little while.""",
推定死亡,认定死亡,Presumed Dead,「地底街の水路からは死体が毎日引き揚げられる。そのうちのひとつが私だと思うだろう。」,「地底城运河里每天都会捞起新尸体。他们会把其中某具当成我的。」,"""Corpses are pulled from the undercity canals every day. They'll assume one's mine.""",私
名うての殺人鬼、虐殺少女,知名凶手杀戮女郎,"Massacre Girl, Known Killer",「私がやったのかって？何のことか具体的に言ってくれないと。」,「『这是我干的吗？』你得具体说是哪件事。」,"""'Did I do it?' You'll have to be more specific.""",私
死の再構築,骇人重筑,Macabre Reconstruction,「目撃者の証言ならもう間もなく！あとは目の再生を終わらせるだけですので。」\n――探偵社の検視官、ネロ,「下一个就轮到目击证人出庭作证了！让我先把他的眼睛重生出来。」\n～魔调局验尸官涅洛,"""Eyewitness testimony, coming right up! Just let me finish regenerating their eyes.""\n—Nelo, Agency coroner",
探偵社の検視官,魔调局验尸官,Agency Coroner,「死因は大体察しがつくが、それ以外で何かあるかね？」,「嗯，死因看起来很明显，但你还能告诉我些什么呢，朋友？」,"""Well, cause of death seems pretty straightforward, but what else can you tell me, friend?""",
唐突な後戻り,突发挫败,Sudden Setback,「安心したまえ、君を疑っているわけじゃない。ただひとつ聞きたいことがあるん――」,「听我说，兄弟，你没惹上麻烦。我只是想问你个问～」,"""Look, buddy, you're not in trouble. I just wanna ask you a questio—""",
推理,常理推断,Deduce,プロフトは、不意に素晴らしい贈り物を受け取ったかのように顔が明るくなった。「犯人が誰かわかったぞ。」彼は言った。「証拠を見せてやろう。」,波费眼前一亮，就像有份惊喜大礼摆在面前。「我知道这是谁干的了，」他说。「而且我能证明。」,"Proft lit up like a man who had just been handed a glorious and unexpected gift. ""I know who's responsible for this,"" he said. ""And I can prove it.""",
ウォジェクの調査員,沃耶克调查员,Wojek Investigator,「なるほど、これは知人の痕跡とは明らかに違う……」,「嗯，这显然不是从我认识的人身上掉下来的…」,"""Well, this clearly didn't come from anyone I know...""",
歴戦の相談役,老练顾问,Seasoned Consultant,「手掛けている仕事に何よりも忠実な同僚と働けるのはありがたいこと。」\n――一件落着の会のイジドリツド,「我喜欢跟忠于手头工作的同事合作。」\n～寻路侦探社的斯库拉因德,"""I appreciate working with associates whose greatest loyalty is to the job at hand.""\n—Skurad of the Foundway Associates",
やらせはしない,所视必管,Not on My Watch,「ねえプロフト、今まできな臭い事を色々やったけど、さすがに私だって、思い上がった探偵の人助けに手を貸すほど落ちぶれてないから。」,「波费，你知道吗，虽然我这辈子已经干过许多亏心事，但帮一位自大侦探救人性命，就连我都觉得很没面子。」,"""You know, Proft, I've done a lot of questionable things in my life, but helping a pompous detective save lives is a new low, even for me.""",私
内通者,内部线民,Inside Source,「私ははじめからここにいなかったよ。」,「我没来过。」,"""I was never here.""",私
ハズダーの自警団,哈兹达警卫,Haazda Vigilante,「ボロスを呼びたきゃ呼べばいい。巡回に寄越すための頭数を揃えている間に、おいらが盗人どもを叩きのめしているだろうがな。」,「你要报官找波洛斯就去报。等他们还在研究是否有人手出队巡逻时，我早就已经把那些抢劫你的混蛋打得满地找牙了。」,"""Call the Boros if you want. While they figure out if they have enough people to send a patrol, I'll be out clobbering the lowlifes who robbed you.""",おいら
古代の化身,古迹菁华,Essence of Antiquity,ラヴニカのような古い街では、歴史そのものがひとり歩きする――それが思いもよらない時であっても。,像拉尼卡这样年头悠久的城市，历史都能活出真我～甚至是在你最不希望看到的时候。,"In a city as old as Ravnica, history takes on a life of its own—even when you least expect it.",ひとり
世慣れた見張り、デルニー,街头监哨德雷尼,"Delney, Streetwise Lookout",「僕が何を知っているかは問題じゃない。君にそれを教えるだけの価値があるかが問題だ。」,「我知道什么不重要。是不是值得花时间跟你说才重要。」,"""It's not a matter of what I know. It's a matter of making it worth my while to tell you.""",僕
驚くべき証人の喚問,突召人证,Call a Surprise Witness,「たかが死ごときで、私が組織の運営を止めるとでも思ったの？私は遠い、遠い未来までここにいるわ。」,「死亡这种小事，又怎能阻止我继续统领欧佐夫集团？我会在这个位置待上很久、很久。」,"""Why would a little thing like death stop me from running the Syndicate? I'm going to be here for a long, long time.""",私-私
関係者の集合,召集选手,Assemble the Players,「すべてはいずれ解き明かされることになるが、これだけははっきりと言える。殺人犯はこの部屋の中にいる誰かだ。」\n――アルキスト・プロフト,「一切很快就会真相大白，不过我现在就能跟你们说：凶手就在我们身边，就在这间屋内。」\n～阿奎斯波费,"""All will soon be made clear, but I can give you this: our killer is here with us, in this very room.""\n—Alquist Proft",
異議あり,对点反论,Counterpoint,「筋は悪くないが、穴は突かせてもらおう。」,「想法不错，但我得在上面戳几个洞。」,"""Nice theory, but I'm going to have to poke some holes in it.""",
衝撃的な展開,镇场惊喜,Showstopping Surprise,「お行儀のいい拍手よりも、息を吞む音や悲鳴の方が好きよ。」\n――ジュディス,「相比礼貌的掌声，我更喜欢惊呼与尖叫。」\n～裘蒂丝,"""I prefer gasps and screams to polite applause.""\n—Judith",
複製押さえ,复体捕捉灵,Copy Catchers,「記録作業を邪魔してるのか、整理整頓を助けてくれているのかは正直のところわからない。」\n――探偵社職員、クルーノ,「说实话，我也不知道他们是在破坏档案还是想帮我整理。」\n～魔调局文员克纶诺,"""I honestly don't know if they're sabotaging our records or trying to help me sort.""\n—Kruno, Agency clerk",
カーンの拠点,卡恩关堡,Karn's Bastion,「私はここにいる全員を守ることはできないが、守れる者は守る。」\n――カーン,「我无法保护所有人。但所有能保护的，我都会尽力而为。」\n～卡恩,"""I can't protect everyone here. But those I can, I will.""\n—Karn",私-
巨体原形質,庞巨原生质,Gigantoplasm,「こちらの期待を超えるものは、ありがたいわね。」\n――ミジックス,「我喜欢远超期望的东西。」\n～米捷兹,"""I appreciate things that exceed expectations.""\n—Mizzix",こちら
ギルドパクトの印章,十会盟印,Seal of the Guildpact,「私はギルド同士が剣を持って街路で争うより、政権の場で言葉を尽くして論争することを望む。」\n――ジェイス・ベレレン,「我宁愿看着公会在权力大厅上斗嘴，也不愿见到街头动武。」\n～杰斯贝连,"""I'd rather see the guilds contend together with words in the halls of power, than in the streets with swords.""\n—Jace Beleren",私
引き裂くシャーマン,粉碎祭师,Sunder Shaman,「お前ら、俺たちの自然奪う。俺たち、お前らの街奪う。」,「你们夺走我们的荒野，我们就夺走你们的城市。」,"""You take our wilds, we take your city.""",俺たち-俺たち
空騎士の軍団兵,空骑士军团兵,Skyknight Legionnaire,「堅苦しい歩調で進む兵士の軍団と、稲妻のように飛ぶロック鳥の背中で叫ぶ空騎士の声と、どっちがより誇りを与えてくれるのかはわからぬ。」\n――ラジア,「我不确定究竟是哪一项更让我骄傲：是无数士兵如雷霆般的行军步伐，亦或驾驭洛克鸟的空骑士似闪电般掠过长空。」\n～拉基雅,"""I do not know which gives me more pride: the legions of soldiers marching in thunderous lockstep, or the cry of the skyknights riding their rocs like jagged lightning overhead.""\n—Razia",
セレズニアの福音者,瑟雷尼亚福音师,Selesnya Evangel,「都市の喧騒はあらゆる声を飲み込んでしまいます。しかし我らの歌は、ラヴニカの最も高い尖塔から最も深い井戸まで、共に調和をもたらすことができるのです。」,「城市的喧嚣将所有的声音淹没。但我们的和声齐唱，将回荡于拉尼卡最高的塔、最深的井。」,"""The clamor of the city drowns all voices. But together we can sing a harmony that will resonate from Ravnica's tallest spires to her deepest wells.""",我ら
化膿,腐烂,Putrefy,「生きてようが何だろうが、時間が経てば腐るんだ。俺らは単にその速度を速めてるだけだ。」\n――ゴルガリの腐敗農夫、イーゾック,「不论是否复生之物，所有东西都会随时间推移而腐朽。我们只是让过程加速而已。」\n～葛加理腐尸农夫伊作,"""All matter, animate or not, rots when exposed to time. We merely speed up the process.""\n—Ezoc, Golgari rot farmer",俺ら
夜帷の捕食者,夜篷掠食者,Nightveil Predator,「三本の短剣が天使の背に残され、三人の執行官の記憶が失われ、三本の鍵が私のベルトから盗まれたというのに、あなたは平和を語るのですか？」\n――タージクからオレリアへ,「天使的背上插着三把匕首，三名执法者的记忆缺漏，本人的腰带上有三把钥匙被偷～这时跟我谈和平？」\n～塔疾克质问欧瑞梨,"""Three daggers left in an angel's back, three enforcers with memory loss, three keys stolen from my own belt—and you talk of peace?""\n—Tajic, to Aurelia",
アゾリウスの造反者、ラヴィニア,俄佐立变节者拉温妮,"Lavinia, Azorius Renegade",「ジェイスに、ちゃんと責任を取らないとラヴニカが崩壊してしまうと言ったの。それが本当になってしまうなんて。」,「我曾告诉杰斯，如果他不认真肩负起自己的责任，拉尼卡便会分崩离析。我多希望自己错了。」,"""I told Jace that Ravnica would fall apart if he didn't take his responsibilities seriously. I didn't want to be right.""",
幽霊議員カルロフ,鬼影议会的卡洛夫,Karlov of the Ghost Council,「テイサの企みなど、儂が何も知らぬと思っておるのか？野心をいだくのは、血筋のなせる業か。」,「泰莎以为我看不出她的阴谋吗？野心可是本家族代代相传的。」,"""Does Teysa think me blind to her scheming? Ambition runs in our family.""",儂
ゴルガリの拾売人,葛加理弃物贩商,Golgari Findbroker,「我々は地上に住む者たちの過去を集め、それを売り返すのだ。」,「我们收集地上居民的过往，再卖回给他们。」,"""We gather the past from surface dwellers and sell it right back to them.""",我々
脚光の悪鬼,脚灯邪鬼,Footlight Fiend,「この脚光は壊れているわ。裏方を呼んできなさい！」\n――ジュディス,「这盏脚灯坏了。给我把舞台工找来！」\n～裘蒂丝,"""This footlight's broken. Get me a stagehand!""\n—Judith",
議事会の騎兵,盟会骑兵,Conclave Cavalier,「葉が散って木に再び花が咲くように、いつの日か私が散っても議事会は続くだろう。」,「叶落枝复繁，就算我哪天倒下，盟会亦将长存。」,"""Just as leaves fall and the tree blooms again, one day I will fall and the Conclave will endure.""",私
カルテルの貴種,联会豪族,Cartel Aristocrat,「お前の命にはより高尚な役目が生まれた。私の命を永らえさせるというな。」,「你的生命现在有更高的目的：确保我的生命得以延续。」,"""Your life serves a higher purpose now: ensuring the continuation of my own.""",私
自然の伝令、イェヴァ,自然传令使叶娃,"Yeva, Nature's Herald",「私は、瞬きする間に軍勢を呼び寄せることも出来るわ。瞬きしないことね。」,「只要一眨眼的功夫，我就能让整个部队来到身边。你最好别眨眼。」,"""I can call an army to my side in the blink of an eye. Best not blink.""",私
圧倒,压服,Overwhelm,「我らのとどろく韻律が天に届くよう、セレズニアの歌を歌いましょう！」,「让瑟雷尼亚之歌声与我们大军行进的鼓动一同飘扬！」,"""Let the song of Selesnya be heard above the rhythm of our thundering hordes!""",我ら
菌類の再誕,真菌再生,Fungal Rebirth,「結局あたしたちはみな何かの餌なのさ。」\n――ゴルガリのシャーマン、セヴリヤ,「我们终究会成为某些东西的养料。」\n～葛加理祭师习拉雅,"""We're all food for something in the end.""\n—Cevraya, Golgari shaman",あたしたち
強制順応,受迫适应,Forced Adaptation,「我々は変革の種を植えているのだ。ときにはその種を人体にも植える。」\n――育殻組のヴォレル,「我们正在散播改变的种子。有时候，我们会种在人身上。」\n～壳进化组的沃瑞,"""We're planting the seeds of change. Sometimes, we plant them in people.""\n—Vorel of the Hull Clade",我々-
遥か見,远眺,Farseek,「この都市は本当になんて巨大なんだろう。あちこちを旅して様々な物を見てきたけれど、どこを見ても建物が続いているよ。」,「这城市究竟广大到什么地步呢？我已旅行了那么远，看了那么多，却还没找到毫无建物的地方。」,"""How truly vast this city must be, that I have traveled so far and seen so much, yet never once found the place where the buildings fail.""",
樹上の草食獣,树栖食草兽,Arboreal Grazer,「暴君を止めるための戦いは、自分の世界に何が起きているか知りもしないおとなしい生き物のためでもあるわ。」\n――ビビアン・リード,「我们为击倒暴君而战斗，同时也为了那些温顺的生物而战斗；它们无法理解是何等灾难降临自己世界。」\n～薇薇安瑞德,"""We fight to stop a tyrant, but we also fight for the gentle creatures who have no concept of what befalls their world.""\n—Vivien Reid",
ブリキ通りの身かわし,锡街躲闪客,Tin Street Dodger,「あの巨人、俺を捕まえるどころか気付きもしなかった！あいつの臭いが分かるほど近くにいたのに！まあ、当然だけどな。」,「那个巨人根本就没看见我，更别说逮住我！我都近得能闻到他身上的味道了。当然，这没什么好炫耀的。」,"""That giant didn't even see me, let alone catch me! And I was close enough to smell him! Of course, that's not saying much.""",俺--
瓦礫帯のマーカ,瓦砾区玛卡兽,Rubblebelt Maaka,「争いが続く中、マーカはあたしたちによく従ってくれるよ。あの子には餌を与える必要すらないんだ。敵が餌になってくれるからね。」\n――グルールのシャーマン、ネジャ,「现在时机不好，但玛卡兽依然对我们忠心耿耿。我们甚至不必喂它们，因为靠敌人就行了。」\n～古鲁祭师娜恰,"""The maaka remain loyal to us in this time of strife. We don't even have to feed them—our enemies do.""\n—Nedja, Gruul shaman",あたしたち-
誘導稲妻,导向闪电,Homing Lightning,「俺には無数の世界が見えている。あいつらひとつの世界に留まってるくせに、見つからないとでも思ってるのかね？」\n――ラル・ザレック,「我能看到的世界数之不尽。它们怎么会觉得我无法在一个世界中将其尽寻？」\n～拉尔查雷克,"""I see countless worlds. What makes them think I can't find them in just one?""\n—Ral Zarek",俺-
破砕,毁坏,Demolish,「奪われた土地は必ず取り戻す。そうでなければ焼き尽くす。あいつらには何も渡してはならない。」\n――オレリア,「他们从我们手中夺走的每一寸土地，抢不回来的就给我烧干净。什么都不给他们留下。」\n～欧瑞梨,"""For every inch of land they take from us, we take it back or we burn it. Give them nothing.""\n—Aurelia",
究極の価格,终极代价,Ultimate Price,「俺達への支払いを怠ったらどうなるか、こいつを戒めとしようじゃないか。」\n――オルゾフの暗殺者、「欺し屋」,「他的下场就是拖欠我们债务者的榜样。」\n～欧佐夫杀手「大骗徒」,"""Let him be an example to others who would default on their debts to us.""\n—""The Cozen,"" Orzhov assassin",俺達
疫病造り師,播疫师,Plaguecrafter,「我が力はある意味寛大なのだ。生き延びた者たちに、生命への感謝を与えている。」,「我的能力可谓慷慨。我让从我手下幸存的人对生命心怀感恩。」,"""My power is generosity, in a way. I give my survivors an appreciation for their lives.""",我--
最後の喘ぎ,最终喘息,Last Gasp,「息が詰まるなら吸い取ってやろう。」,「让我替你喘口气。」,"""Allow me a moment to catch your breath.""",
不正相続,不当遗产,Ill-Gotten Inheritance,「他人の苦しみなど私には関係ない。」,「别人是否受罪与我无关。」,"""The suffering of others is not my concern.""",私
ヴィダルケンの催眠術師,维多肯催眠师,Vedalken Mesmerist,「警報を鳴らす必要はありません。あなたは立派に持ち場を守っています。私は許可をもらっています。何も問題ありません。」,「不必拉响警报。你正恪尽职守。我已获准通行。一切平安无事。」,"""There's no need to sound the alarm. You are minding your post admirably. I am authorized. All is well.""",私
潮吹きの暴君,潮浪暴君,Tidespout Tyrant,彼は自分のイメージに合わせて世界を変質させる。,他以自我形象来让这世界消失。,He unmakes the world in his own image.,自分
悪意ある妨害,恶意破坏,Sinister Sabotage,「侵入者の影響によって陥落したギルドが出たという情報がある。確認が取れるまで冒険は控えるのだ。」\n――ラザーヴ,「我们收到情报，某些公会已经受到了外来入侵者的影响。直到我们调查清楚之前，务必挡下一切恶意行为。」\n～拉札夫,"""We have intel that some guilds have fallen under an invader's influence. Until we're sure, no venture succeeds.""\n—Lazav",
差し戻し,奉还,Remand,「まあ、少なくとも腕のひらひらとか呪文のぶつくさとかは印象的だったかな。」,「嗯，至少你挥舞的手势与连串咕哝让我印象很深刻。」,"""Well, at least all of that arm-waving and arcane babbling you did was impressive.""",
模写,伪体拟形,Quasiduplicate,「我が最高傑作、それは私だ！」,「我最伟大的作品～我自己！」,"""My greatest creation—me!""",我が-私
夜帷のスプライト,夜篷仙子,Nightveil Sprite,「ここは四十階で、窓は一つ、ベランダはない。誰かが侵入するなど、有り得ない。」\n――オルゾフの警備責任者、ミーノシュ,「我们这是在四十楼，只有一扇窗户，连阳台都没有。谁都不可能进得来。」\n～欧佐夫警卫长米诺斯,"""We're on the fortieth floor, with one window, no balcony. No one could possibly get in.""\n—Minosz, Orzhov chief of security",
鍵達人のならず者,开锁浪客,Keymaster Rogue,「これはゼルゾー基地の鉄格子を開くやつ。これはイスメーリ図書館。これはあの見えない扉を……っと、喋りすぎたな。」,「这个用来打开介柯基地外的铁栅。这个用来打开依梅里图书馆。这个用来打开一道隐形门…不行，我说太多了。」,"""This one opens the grate outside Zelzo Base. This one is for Ismeri Library. This one is for an invisible door . . . No, I've said too much.""",
一面の視線,全城有眼,Eyes Everywhere,「俺の頭の中に目を入れやがった！」,「就连我的脑袋里都有他们的眼睛！」,"""They've got eyes inside my head!""",俺
紺碧のスフィンクス,蔚蓝史芬斯,Cerulean Sphinx,「スフィンクスに関しては、複雑な気分だな。その知恵は手に入れたいが、秘密主義は受け入れがたい。」\n――ザデック,「我对史芬斯的感觉很复杂。虽然渴求他们的知识，但实在受不了他们神秘兮兮的样子。」\n～札戴克,"""About the sphinx, I have mixed feelings. Their wisdom I crave, but their secrecy I can't tolerate.""\n—Szadek",
都邑の庇護者,城市守护人,Urbis Protector,「門なし運動のせいでボロスは天使を失っているとか。あなたにとっては想定内の展開なんでしょうね。」\n――テイサからラザーヴへ,「我听说波洛斯正因无属者运动而折损天使，你肯定并不感到惊讶。」\n～泰莎告诉拉札夫,"""I hear that Boros is losing its angels to the Gateless Movement. I'm sure this comes as no surprise to you.""\n—Teysa, to Lazav",
高名な弁護士、トミク,杰出倡议人托米克,"Tomik, Distinguished Advokist",「法を曲げる者もいるが、私は法を結び合わせる。」,「有些人曲解律法。我将律法无从解起。」,"""Some bend the law. I tie it into knots.""",私
一同集結！,备战！,To Arms!,「この呼び声は魔力を帯び、漆喰と石を超えて全ての兵の耳に届くのだ。この呼び声があれば、我らは優位に立てる。」\n――警備隊長、ロダズ,「号令来了，从灰泥与石块间传到每个士兵的耳中。号令来了，而我们正占优势。」\n～守望队长罗度斯,"""The call came, spell-borne through mortar and stone to the ear of every soldier. The call came, and the advantage was ours.""\n—Lodusz, captain of the watch",我ら
サンホームの重鎮,阳园坚兵,Sunhome Stalwart,「お前にこれを持たせる前に、躱せるかどうか試させてもらう！」,「在把剑交给你之前，让我先瞧瞧你能不能躲过我这一下！」,"""Before I let you wield one of these, let's see you dodge one!""",
根生まれの防衛,根生卫护,Rootborn Defenses,「世界魂が私を守ってくれる間は、何も私を傷つけられない。」,「我得世界之魂庇护，无人能伤我分毫。」,"""No harm can come to me while the Worldsoul shelters me.""",私-私
霊の通り路,鬼影密径,Ghostway,「俺は奴の剣が俺を貫いたのを見てたけど、その時俺は空っぽの抜け殻だったのさ。奴の顔が怒りで歪んでたのは見たが、怒鳴り声は聞こえなかったな。」\n――ボロスの軍団兵、クラティク,「我看着剑锋扫过，但自己的身体却是一片空无。我看着对方扭曲的愤怒面孔，却听不到他的叫骂。」\n～波洛斯军团兵喀拉提,"""I watched its blade swing through me, but I was hollow, empty. I saw its face contort in rage but could not hear it snarl.""\n—Klattic, Boros legionnaire",俺-
天空の目,苍穹之眼,Eyes in the Skies,「根と枝が届かない奴は、翼をもった我々の友が相手をしてくれるだろう。」\n――セレズニアの軍師、ズーナーク,「根须和枝杈无法触及之处，长翅膀的朋友会替我们照看。」\n～瑟雷尼亚战术家祖奈,"""What root and branch cannot reach, our winged friends will attend to.""\n—Zunak, Selesnya strategist",我々
糾弾,判罪,Condemn,「判事どもなら、全部の書類に署名して、それから判決といくんだろう。だが、俺が裁きを下すのは今だ！」\n――ボロスのギルド魔道士、アラヴネク,「既然需签署的文件一无遗漏，仲裁者当然会放过你。但我现在就要主持正义！」\n～波洛斯公会法师阿劳涅,"""No doubt the arbiters would put you away, after all the documents are signed. But I will have justice now.""\n—Alovnek, Boros guildmage",俺
ボロスの精鋭,波洛斯精兵,Boros Elite,「まずは一兵卒として戦わねばなりません。あなたの統率者としての力量はそこで見極めます。」\n――オレリアからギデオン・ジュラへ,「你必须先与士兵一同奋战，我才能看出你的领袖才能。」\n～欧瑞梨告诉基定尤拉,"""First, you must fight among the rank and file. It is there I will discern your skills as a leader.""\n—Aurelia, to Gideon Jura",
魅力的な執政官,辉光统领,Blazing Archon,「戦いの喧騒の中に、黄金の髪の上に輝く太陽と、鎧に映る栄光が見えました。私は思わず剣を落とし、戦争の愚かしさに泣き崩れたのです。」\n――グルールの脱走者、ドレイヴィン,「在滚滚战尘中，我见到金色鬃毛上闪耀的阳光，荣誉之光辉披甲现身；我于是丢下了剑，为身处这愚蠢战争而流泪。」\n～古鲁叛逃者卓文,"""Through the haze of battle I saw the glint of sun on golden mane, the sheen of glory clad in mail, and I dropped my sword and wept at the idiocy of war.""\n—Dravin, Gruul deserter",私
アゾリウスの拘引者,俄佐立逮捕人,Azorius Arrester,「あなたには黙秘権があります。言い訳をうだうだ聞かされたくないので。」,「你有权保持缄默。主要是因为我懒得听你找藉口。」,"""You have the right to remain silent. Mostly because I tire of your excuses.""",
武器庫の護衛,军械库守卫,Armory Guard,ディミーアの工作員は物陰から様子を窺っていた。「八時間も経つのに、まばたきすらしない」とネファーラが囁いた。「別の入り口を探したほうがよさそうね。」,底密尔密探在阴影中监视着。「八小时了，我还没看到他眨眼。」涅法拉低声咒骂。「我们还是另寻入口吧。」,"The Dimir agents watched from the shadows. ""Eight hours, and I've yet to see him blink,"" Nefara hissed. ""I suggest we find another way in.""",
天使の称賛,天使颂赞,Angelic Exaltation,「平和を手にできないとしても、我々の手には正義がある。」\n――オレリア,「如果和平不保，我们必将昭彰正义。」\n～欧瑞梨,"""If we cannot have peace, we will have justice.""\n—Aurelia",我々
恐竜の遺伝子,恐龙基因,Dino DNA,「恐竜は、自分たちの設計図を残してくれている。」\n――ミスター・DNA,「恐龙也留下了它们的蓝图，待我们去寻找。」\n～DNA先生,"""Dinosaurs left their blueprints behind for us.""\n—Mr. DNA",
ラプトルの調教師、オーウェン・グレイディ,迅猛龙驯师欧文·格雷迪,"Owen Grady, Raptor Trainer",「俺はラプトルを操ってなんかいないよ。これは絆だ。お互いに敬意を払ってる。」,「我不控制迅猛龙，我和它们建立关系。我们互相尊重。」,"""I don't control the raptors. It's a relationship. It's based on mutual respect.""",俺--
迷いし者の魂,失落者灵魂,Souls of the Lost,「我らを覚えているか？」,「还记得我们吗？」,"""Do you remember us?""",我ら
狩人の吹き矢,猎人吹箭筒,Hunter's Blowgun,「痛てっ！ハチに刺されたみたいです、隊長。」\n――ニルク・ドービンの最後の言葉,「哎呀！我好像被黄蜂蛰了一下，船长。」\n～纳克多宾的遗言,"""Ow! I think a wasp just stung me, cap'n.""\n—Nirk Doobin, last words",
コンパスのノーム,罗盘侏械,Compass Gnome,「きっと高度な測量用の機材なのだろう。これが示す意味を読み取れたら良かったんだが……」\n――鉄面連合の偵察員、コルボ,「我很肯定这是某种复杂的导航工具。要是我能知道它刚才在跟我说什么就好了！」\n～莽霸联盟勘探者科尔博,"""I'm certain it's some kind of sophisticated navigational tool. If only I had any idea what it was telling me!""\n—Colbo, Brazen Coalition surveyor",
マラメトの模範、クチル,豹族模范库琪,"Kutzil, Malamet Exemplar",「西の地割れに侵略者がいるだと？１時間もすれば、菌類の餌食になっているだろう。」,「西部峡谷有入侵者？给我一小时，他们很快就会变成真菌的食物。」,"""Invaders in the West Chasm? Give me an hour and they'll be fungus food.""",
バルトロメ・デル・プレシディオ,巴洛梅德普西迪奥,Bartolomé del Presidio,「この咎人に祝福あれ。かの者が捧げた血によって我は生き永らえた。」,「祝福这位罪人，他献出了自己的鲜血，让我能够活下去。」,"""Bless this sinner, who sacrificed his blood so that I may live.""",我
千番目の月、アニム・パカル,千月统帅阿妮帕卡,"Anim Pakal, Thousandth Moon",「この世界を守るならば、もはやその中に隠れてはいられないのだ！」,「我们若要保护这个世界，就绝不能藏身其后！」,"""If we are to protect this world, we can no longer hide within it!""",
祖先の残響、アブエロ,念世先父阿布罗,"Abuelo, Ancestral Echo",「来い、友よ。世界が我らを覚えているか確かめてみようじゃないか。」,「来吧，朋友们，看看这个世界是否还记得我们。」,"""Come, friends. Let us see if this world remembers us.""",我ら
打ち壊すブロントドン,痛击霆伟龙,Thrashing Brontodon,「数世紀も失われていた古代の石柱だったんだが、大した内容が刻まれていなかったことを祈るとしよう。」\n――太陽帝国の歴史家、トシャヤク,「我觉得，就只希望这些失落我们人民手中千百年之久的远古巨石没那么重要好了。」\n～烈阳帝国史家托夏亚,"""I suppose we'll just hope those ancient monoliths lost to our people for centuries weren't particularly important.""\n—Toxayac, Sun Empire historian",
太陽を求める者,寻光客,Seeker of Sunlight,「我らは壊れた世界から逃げていたのではない。楽園へ向かって走っていたのだ！」,「我们并非逃离破败世界。我们是在奔向天堂。」,"""We weren't fleeing a broken world. We were running toward paradise!""",我ら-
好戦的な槌頭,好斗颅锤龙,Pugnacious Hammerskull,「マイコイドが嫌いなのか、それとも物を壊すのが好きなのかはわかりません。放っておきましょう。」\n――オルテカの斥候、サミン,「我不知道它是跟智蕈有仇还是只是喜欢砸东西。随它去吧。」\n～欧尔特克斥候撒明,"""I don't know whether it hates the mycoids or just loves breaking things. I say we leave it be.""\n—Samin, Oltec scout",
マラメトの喧嘩屋,好斗豹族,Malamet Brawler,「深淵の王の印を持つものの名において、貴様らを風に吹かれる胞子の如く蹴散らしてやろう！」,「我身上有深邃王的印记，以他之名，我要将你化作风中残孢！」,"""I bear the marking of the Deep King, and in his name I will rend you to nothing but spores on the wind!""",
イクサーリの伝承守り,依夏理记史人,Ixalli's Lorekeeper,「我らは恐竜を追って洞窟を脱したのだろうか？ それとも恐竜の方が追っていたのか？この象形は我々の歴史そのものの認識を書き換えかねない。」,「是我们跟随恐龙走出了洞窟，还是恐龙跟着我们？这些雕符或会彻底改变我们对历史的认知。」,"""Did we follow the dinosaurs out of the caverns, or did they follow us? These glyphs could change our entire understanding of our history.""",我ら--我々
巨体の猛禽,巨身迅猛龙,Hulking Raptor,「以前、彼がファイレクシアン・ドレッドノートを引きちぎる様子を見たことがあるわ。多少吸血鬼が居たところで足止めにもならないでしょうね。」\n――ファートリ,「我曾见过它一口将非瑞克西亚无畏舰咬成两半。去去几个吸血鬼根本拖不住他。」\n～华特莉,"""I watched him rip a Phyrexian dreadnought in half once. A few vampires will barely slow him down.""\n—Huatli",
ファートリの最後の一撃,华特莉纳命击,Huatli's Final Strike,「インティの名は詩や歴史に栄誉を添え、何世代も語られていくわ。お前の名はこの洞窟で埃にまみれ、忘れられるの。」\n――ファートリからヴィトへ,「因缇之名将随我们的诗歌与史诗传扬万代。而你的名字将在这洞窟里落寞蒙灰、遭人遗忘。」\n～华特莉怒斥维托,"""Inti's name will grace our poems and histories for generations. Yours will collect dust, forgotten, in this cave.""\n—Huatli, to Vito",
中心核の瞥見,瞥视核心,Glimpse the Core,「わあ。詩人を連れてきてよかった。」\n――ウェイタ,「哇。幸好我们带着诗人一起来。」\n～乌艾塔,"""Wow. It's a good thing we brought a poet.""\n—Wayta",
地揺すりの戦慄大口,撼地血口龙,Earthshaker Dreadmaw,「この洞窟の征服は他のものに譲ったほうが良いかと。」\n――地図作りの達人、アマリア,「我提议让其他人来征服这洞窟。」\n～制图大师阿玛利亚,"""I suggest we leave this cavern for someone else to conquer.""\n—Amalia, master cartographer",
中断された眠り,遭扰沉眠,Disturbed Slumber,「言ってるだろ、あの壁、瞬きしたんだ！」,「我就跟你说，那堵墙刚刚眨了下眼！」,"""I'm telling you, the wall just blinked!""",
日を浴びるカピバラ,沐日水豚,Basking Capybara,「最も賢き哲学者ですら、カピバラの内なる平穏に到達することはできないだろう。」\n――オルテカの説教者、ネーリ,「就连我们知识最渊博的哲学家，也只能希冀自己终能达到水豚一般的平静境界。」\n～欧尔特克布道人奈莉,"""Even our most learned philosophers can only hope to approach the inner serenity of the humble capybara.""\n—Nelli, Oltec didact",
鎧の同族呼び,装甲唤族龙,Armored Kincaller,「彼女は群れを守るために全力を尽くすわ。私たちが群れの一員と認めてもらえたのは運が良かっただけよ。」\n――ファートリ,「她会全心尽力地保护自己的族群。能被她视作自己人，我们实属荣幸。」\n～华特莉,"""She's devoted to protecting her herd. We're just lucky she considers us part of it.""\n—Huatli",私たち
地盤の危険,地壳灾害,Tectonic Hazard,「地面は火の海で、天井は槍が連なっている。おまけにキノコが今にも襲ってきそうだ。こんな状態で落ち着いていられるものか！」\n――鉄面連合の斥候、ジーノ・グラッグ,「地上着火，天上下矛，还有个蘑菇想要诅咒我。你让我怎么不慌张？」\n～莽霸联盟斥候基诺格拉格,"""The ground is on fire, the ceiling's made of spears, and I think a mushroom tried to curse me. Don't tell me not to panic!""\n—Jino Grag, Brazen Coalition scout",
叙情的創意,诗情巧意,Poetic Ingenuity,「君には感銘を受けるよ。」,「你启发了我。」,"""You inspire me.""",
黄金憤怒の徘徊者,金怒漫游械,Goldfury Strider,「では、吸血鬼の来客を盛大にもてなそうじゃないか？」\n――千番目の月、アニム・パカル,「吸血鬼朋友远道而来，就让我们来为他们接风洗尘如何？」\n～千月统帅阿妮帕卡,"""Let's send our vampiric visitors a welcoming party, shall we?""\n—Anim Pakal, Thousandth Moon",
実業的な悪党,雄心无赖,Enterprising Scallywag,「あいつならきっと俺に譲ってくれたはずだ！」,「他肯定不希望我能得到这玩意！」,"""He would've wanted me to have it!""",俺
戦慄大口の怒り,血口龙怒火,Dreadmaw's Ire,「この三日間で沈んだ船はこれで五隻目だぞ！もっと頑丈な素材で作れないのか？」\n――マルコム・リー,「这已经三天来损失的第五艘了！我们就不能用更坚固的东西来造船吗？」\n～马科姆李,"""That's the fifth ship lost in three days! Can't we build them out of something stronger?""\n—Malcolm Lee",
焼熱の太陽の騎兵,炙阳骑兵,Burning Sun Cavalry,「炎と雷、牙と爪。これらを以てして侵略者をトレゾンまで追い返してみせよう！」,「烈火闪电、尖牙利爪，我们会凭手中一切将这些入侵者赶回图瑞琮！」,"""By fire and lightning, tooth and claw, we will send these invaders fleeing back to Torrezon!""",
削剥,风化侵蚀,Abrade,「歩く時計が大砲を全て破壊しただって！？ どうなってんだい！？」\n――風雲船長ラネリー,「你说一个会走路的钟把我们的大炮全毁了是什么意思？！」\n～兰娜莉速腾船长,"""What do you mean a walking clock destroyed all our cannons?!""\n—Captain Lannery Storm",
ヴィトの審問官,维托的审判官,Vito's Inquisitor,「溢れる血の時代は来たれり。喰われるものは喰らわれ、喰らうものは満たされる。」,「我们行将开创朱光时代，觅食者终饱餐无忧，喂食者亦性命无愁。」,"""We usher in the Age of Everflowing Blood, when those who are fed upon will be fed, and those who feed will be satiated.""",
末梢の屍道士,突蕈死灵法师,Synapse Necromage,「殺しても無駄だって？じゃあどうするんだ？お茶会でも開いて気を逸らすか？」\n――鉄面連合の探鉱者、メルヴィン,「杀死他们没有用？那我们能怎么办？开茶会引开他们？」\n～莽霸联盟勘探员莫文,"""It's no good killing them? Then what do we do? Distract them with a tea party?""\n—Mervin, Brazen Coalition prospector",
毒気の薬,恶毒药剂,Mephitic Draught,「こっち見るなよ。俺は飲まないぞ。」\n――凶兆艦隊の掌帆長、ドラナク,「别看我，我可不喝。」\n～焦炬舰队水手长卓纳克,"""Don't look at me. I'm not drinking it.""\n—Dranach, Dire Fleet boatswain",俺-俺
超巨大ヒル,庞巨蛭,Gargantuan Leech,「ここにいる何もかもが私の血を吸いに来るの？」\n――調査隊の運搬人、デリレーヌ,「难道这地底下每一个东西都想吸我的血吗？」\n～探险队脚夫德利涅,"""Does *everything* down here want to suck my blood?""\n—Derilene, expedition porter",私
深淵のゴブリンの骨取り,深邃夺骨鬼怪,Deep Goblin Skulltaker,「あっちいけ！これは俺のもんだ！」,「走开！我先发现的！」,"""Go away! I found it first!""",俺
硬骨漢の船員,可靠船伴,Staunch Crewmate,「見捨てろだって？バカ言え。まだ貸した金を返してもらってないだろ。」,「丢下你？想得美。你还欠我钱呢。」,"""Leave you? Not a chance. You still owe me money.""",
川守りの偵察,川流使斥候,River Herald Scout,「心配するな、小さき泳ぐ者たちよ。用があるのは君たちではなく、遺跡の方だ。」,「小鱼们，不用担心。我是为遗迹而来，无意伤害你们。」,"""Don't worry, little swimmers. I'm here for the ruins, not you.""",
マーフォークの洞窟潜り,潜窟人鱼,Merfolk Cave-Diver,「地下の海を出来る限り調べ尽くすのだ。恐らく我らの先祖の秘密はこの奥底に眠っている。」\n――ティシャーナ,「尽你所能摸透这片地下海的底细。我怀疑其深处还有更多先祖的秘密等待我们去发现。」\n～提莎娜,"""Learn all you can of this underground sea. I suspect more secrets of our ancestors lie waiting in its depths.""\n—Tishana",我ら
エリマキ洞窟ワーム,褶领洞窟亚龙,Frilled Cave-Wurm,「以前ジャングルの水辺で見かけた変なサラマンダーを覚えているか？どうやらこれがそいつの神らしい。」\n――風鮫の補給士官、カレラ,「还记得我们在丛林溪流里碰到的那条奇怪火蜥蜴吗？我想我们现在遇到它的神了。」\n～风鲨号军需官卡雷拉,"""Remember that weird salamander thing we found in the jungle stream? I think we just met its god.""\n—Carella, quartermaster of the *Windshark*",
血滾りの福音者,血色福音师,Sanguine Evangelist,「牙の兄弟よ、共に喰らおう。」,「尖牙同胞们，我们同饮共食。」,"""Fang-brethren, we feed together.""",
遺跡潜みのコウモリ,伏迹蝙蝠,Ruin-Lurker Bat,「見よ！我らの旅路を見守るために、アクロゾズ様が御子を遣わしてくださったのだ！」\n――最初の福者、クラヴィレーニョ,「看呐！阿洛佐兹派出自己的子嗣来见证我们的朝圣之旅。」\n～受福众首克莱维诺,"""Look! Aclazotz sends his children to watch over our pilgrimage.""\n—Clavileño, First of the Blessed",我ら
親族会,同族团圆,Family Reunion,ファートリはアカルに微笑みかけた。「長きに渡り離れ離れとなっていましたが、それでも私たちは家族なんです。」,华特莉抬头向阿卡笑道：「虽然我们两族分隔已久，但彼此仍是骨肉同胞。」,"Huatli smiled up at Akal. ""Our peoples have too long been parted, and yet we are cousins still.""",私たち
摩滅したパワーストーン,受损的魔力石,Worn Powerstone,「この不可解な力はコズミュームに由来するのではなく、壁のコズミュームから力を吸い取っている正体不明の物体のものだった。これは危険な物体かもしれない。全てを変えてしまうかもしれない。」\n――オルテカの考古学的調査,「最后，我们发现这奇妙的能源并非宇金，而是某种能从墙上吸附宇金残留的未知物质。可能会带来危险。可能会带来剧变。」\n～欧尔特克考古勘察纪录,"""The strange energy source isn't cosmium after all, but some unidentifiable material that has leached cosmium residue from the walls. Could be dangerous. Could change everything.""\n—Oltec archaeological survey",
囁き絹の外套,细语丝篷,Whispersilk Cloak,「それは何らかの方法で光を屈折させることができ、着用者を実質透明化させることができる。たまたまこれに足を引っ掛けなければ、見つけられなかっただろう！」\n――クイントリウス・カンドの研究メモ,「它似乎能用某种方法扭曲光线，从而令它及其穿戴者不见踪影。要不是我被绊了一跤，我根本不可能发现这东西！」\n～昆托力康德，研究纪录,"""It bends the light somehow, rendering it—and its wearer—functionally invisible. I never would have found it if I hadn't tripped over it!""\n—Quintorius Kand, research notes",
稲妻のすね当て,迅雷护胫,Lightning Greaves,「必要なら金や魔石の横領は不問。ただし私の新品のブーツに指一本でも触れた者は、最低一ヶ月汚水掃除。」\n――風雲船長ラネリーの注意書き,「黄金魔石随便拿，但谁胆敢在我新靴子上留下脏手印，就等着喝一整个月的污水。」\n～兰娜莉速腾船长手书,"""Skim all the gold and magic rocks you want, but if I see one greasy fingerprint on my new boots, you'll be drinking bilgewater for a month.""\n—Note from Captain Lannery Storm",私
太陽の拳,五阳护手,Fist of Suns,「ウィレムがそれを身に着けた途端、指先から魔法みたいに火花を散らし始めたんだ！次は俺の番だったんだが、あいつの手から外れなくなっちまった。助けをよこしてくれ。」\n――鉄面連合の調査派遣兵,「威廉戴上手套后，就见指尖不断射出火花，像法师一样！原本接下来该到我，但这该死的东西摘不下来了。速速来援。」\n～莽霸联盟探险队急讯,"""Willem put it on and started shooting sparks from his hands like some kind of wizard! Was supposed to be my turn next, but the blasted thing won't come off his hand. Send help.""\n—Brazen Coalition expedition dispatch",俺
精力の護符,活力护身符,Amulet of Vigor,「皆はコズミュームとやらに熱心だが、私はこの太鼓の琥珀の中にそれに匹敵する力を感じている。」\n――クイントリウス・カンドの研究メモ,「人人都痴迷宇金，不过我感觉这小块远古琥珀之中，也蕴含有能与之匹敌的能量。」\n～昆托力康德，研究纪录,"""Everyone is obsessed with this cosmium stuff, but I can sense some kind of comparable power in this droplet of ancient amber.""\n—Quintorius Kand, research notes",私
地形学の追跡者,地势追迹师,Topography Tracker,「高所が苦手じゃなくてよかった。」,「幸好我不恐高。」,"""Good thing I'm not afraid of heights.""",
カリスマ溢れる征服者,魅力征服者,Charismatic Conqueror,「この地表の下には、我らの救いの光を待ちわびる別の世界が広がっている。」,「地表之下有一整个世界有待我们救赎之光去恩泽。」,"""There's a whole world under the surface, waiting for the light of our salvation.""",我ら
反逆者、ドン・アンドレ,变节军将唐安德烈,"Don Andres, the Renegade",「わざわざ薄暮の軍団の階級を登らなくとも、自らの旗のもとに立てば良いだろう？」,「如果我能够自立旗帜，又何必依照暮影军团的繁缛章法循阶晋升？」,"""Why climb the tangled rigging of the Legion of Dusk's hierarchy when I can fly a free flag of my own?""",
硬化した鱗,坚固鳞甲,Hardened Scales,「私の前に、身をよじって賞品の守護者が現れた。\nそれは石の鱗と剣呑な目を持った一匹の蛇であった。」\n――*「とある旅人の試練」*,「眼前珍宝守卫盘卷身躯，想阻我得手；\n巨蛇顽石附体眼神灵动，怕是难赶走！」\n～*《旅人渡劫记》*,"""Before me writhed the guardian of my prize,\nA serpent with stone skin and cunning eyes!""\n—*A Traveler's Trials*",私
ほとばしる魔力,魔法力闪光,Mana Flare,「私は心臓を山に、記憶を風に捧げた。私の最後の瞬間は、歴史へと焼き付けることにしよう。」\n――*「炎の娘たち」*,「我将心胸献给山河，将记忆奉予清风。就让我焚烧自己，将生命最后时刻写入历史。」\n～*《烈焰的女儿》*,"""I give my heart to the mountain, my memories to the wind. Let my last moment be burned into history.""\n—*Daughters of Flame*",私-私
刺し傷,刺创伤,Stab Wound,「初めは滑稽で、あたかも己を卑しめる作業のように思えた任務が、生き残るための酷薄な闘争だとすぐに判明した。」\n――*「甘歯村へようこそ」*,「起初看似荒唐丢脸的无谓任务，很快就变成了尔虞我诈的求生之争。」\n～*《甘饴村迎客》*,"""What first seemed like a ridiculous and vaguely demeaning task quickly turned into a vicious struggle for survival.""\n—*Welcome to Sweettooth*",
墓穴までの契約,墓约,Grave Pact,「『愚か者めが。』魔女は嘲笑った。『わしは、ここを生きて出ようとは思うとらなんだわい。そして執念深くつけ狙ってきたがゆえに、おぬしもまた生きては戻れぬと言うわけじゃ。』」\n――*「ダンバロウの呪い」*,「『蠢货，』巫婆冷笑道。『我从没想过要活着离开这里。既然你们都已死死跟了过来，那就都别走。』」\n～*《黯沼野邪咒》*,"""'Fools,' sneered the witch. 'I never intended to leave here alive. And thanks to your dogged insistence on following me, neither will you.'""\n—*Hexes of Dunbarrow*",わし
闇の後見,黑暗教导,Dark Tutelage,「我らの道は流人の道だ。苦痛を与えられ、与える道だ。だが強き者にとっては、フェイの謎より解き放たれし力へと続く道なのだ。」\n――*「魔女の道」*,「我们所选之道虽然受人唾弃：不仅予人痛苦，自身也会受尽折磨；但对强者而言，这是掌握破除仙灵谜题困扰之强大力量的必由之路。」\n～*《巫婆之道》*,"""Ours is a path of the outcast, of pain given and pain received. But for the strong, it is a path that leads to power untethered from fae riddles.""\n—*The Witch's Way*",我ら
正気減らし,崩碎心智,Fraying Sanity,「私は自分の心が手織り機に掛かる布のように引き延ばされるのを見た。\n死すらも終わりとならぬ破滅へと、歪み、よじれてゆくのを見た。」\n――*「とある旅人の試練」*,「在我眼前，自身思绪如织机上的滚动缕线，\n拉伸扭曲，缓缓扯向死气沉沉的无尽黯涧。」\n～*《旅人渡劫记》*,"""I saw my mind stretch like cloth on a loom,\nWarping, twisting toward a deathless doom.""\n—*A Traveler's Trials*",私
エンチャント複製,复制结界,Copy Enchantment,「『私は、もう誰も必要としない。』ヒルダは呟きました。『あなたは、もう誰も必要としない。』彼女の鏡像は応えました。」\n――*「冬の魔女」*,「『我不需要其他人，』希尔妲低声自语。『你不需要其他人，』镜中影像随声附和。」\n～*《凛冬女巫传》*,"""'I don't need anyone else', muttered Hylda. 'You don't need anyone else,' her reflection agreed.\n—Witch of Winter",私
強制,强迫症,Compulsion,「おお愛しい人よ、どうかわかっておくれ！\n冒険が招いている、私はその手を取らねばならぬのだ。」\n――「学士と騎士」,「卿卿吾爱，盼你领情！\n冒险呼唤，需我远行。」\n～「学者与骑士」,"""O my love, would that you could understand!\nAdventure beckons; I must take its hand.""\n—""The Scholar & the Knight""",私
土地税,抽地税,Land Tax,「『無礼にもあの町はわしの眺望の邪魔をしておる！』魔女は言った。巨人は身をかがめてお辞儀をし、微笑んだ。」\n――*「ガチョウの母」*,「『那小镇把我视野挡得干干净净！』巫婆愤怒道。巨人微笑欠身，得令退下。」\n～*《鹅鹅妈故事集》*,"""'That town is rudely blocking my view!' said the witch. The giant bowed and smiled.""\n—*The Goose Mother and Other Tales*",わし
霊体の正義,业报,Karmic Justice,「私はあなたの家族に徒労を負わせ、不当に扱ってしまった。私にできることは、この身をあなたの報復に供することのみだ。」\n――*「ペリン卿の愚行」*,「我曾因愚人之命而令贵府蒙冤，如今登门谢罪，任君处置。」\n～*《佩林爵士愚行录》*,"""I have wronged your family on a fool's errand. All I can offer is myself, that you might take your revenge.""\n—*The Folly of Syr Perrin*",私
突進する悪党,莽撞小混混,Charging Hooligan,「じきにネズミがこの街を走る。俺も一緒に走ろうじゃないか！」,「这城很快会被老鼠接管，我要和它们一起撒欢！」,"""Soon the rats are gonna run this town, so I'm gonna run with them!""",俺
進化する未開地,成形野地,Evolving Wilds,「僻境は常に変化し続けるものだ。川は流れを変え、木は歩いたり曲がったりし、岩は割れたり走り回ったりする。だがこれだけは忘れるな、旅人よ。お前自身こそが、ここで変わる最たるものなのだ。」\n――境界地のレインジャー、スターウィン,「诚然，幻野地势变幻多变：河流忽而改道，树木抽枝弯折，岩石开裂破碎。但旅人啊，请谨记我的话～在外会变的，主要是你自己。」\n～边境地巡林客斯图温,"""The wilds are unpredictable. Rivers change course, trees shuffle and bend, rocks split and scurry. But mark my words, traveler—the main thing that'll change out there is *you*.""\n—Sturwynn, Boundary Lands ranger",
案山子の導き手,指路稻草人,Scarecrow Guide,「我が高貴なる継ぎ接ぎの友よ、本当によくやった。鳥が一匹たりとも襲って来なかった！」\n――トロヤン,「好样的，我的缝组好友。到现在还没有鸟来咬过我们！」\n～特洛扬,"""You're doing a splendid job, my noble stitched friend. Not a single bird has attacked us!""\n—Troyan",我-
キャンディーの道標,糖果小径,Candy Trail,「見て！またあったよ！ママの言いつけなんて知らないわ。ママが帰ってくる前に戻ればいいんでしょ？」\n――エッジウォールの少女、ダニエラ,「看呐！又一颗！谁还把妈妈说过的话放心上？我们在她回来之前就到家。」\n～边墙镇少女丹妮拉,"""Look! Another one! Who cares what Mother said? We'll be home before she gets back.""\n—Daniela, Edgewall youth",
